epoch,accuracy,loss,val_accuracy,val_loss
0,0.8521341681480408,0.41656601428985596,0.9468085169792175,0.22926628589630127
1,0.9237805008888245,0.24331001937389374,0.957446813583374,0.1607574075460434
