epoch,accuracy,loss,val_accuracy,val_loss
0,0.6600610017776489,0.6123107075691223,0.8404255509376526,0.41585487127304077
1,0.7286585569381714,0.603228747844696,0.5319148898124695,0.751533567905426
